{
  "elapsed_seconds": 1050.33,
  "elapsed_human": "00:17:30.330000",
  "ended_at": "2026-05-06T18:20:01.551202+00:00",
  "files_processed": 40731,
  "rows_read": 122191271,
  "rows_committed": 122191271,
  "rows_skipped_without_omid": 0,
  "sqlite_file_size_bytes": 25221857280,
  "sqlite_file_size_mb": 24053.44,
  "sqlite_file_size_gb": 23.49
}